"lhs","","rhs","support","confidence","coverage","lift","count"
"{yuriko=1}","=>","{res=1}",0.25,0.59375,0.421052631578947,1.30797101449275,38
"{jimmy=1}","=>","{res=1}",0.223684210526316,0.548387096774194,0.407894736842105,1.20804114071996,34
"{rick=1}","=>","{res=1}",0.157894736842105,0.533333333333333,0.296052631578947,1.17487922705314,24
"{barbara=0}","=>","{res=1}",0.322368421052632,0.532608695652174,0.605263157894737,1.17328292375551,49
"{francois=0}","=>","{res=1}",0.302631578947368,0.528735632183908,0.572368421052632,1.16475095785441,46
